{"cameraMode":{"drawMode":0,"name":"Shaded","section":"Shading Mode"},"sceneLighting":false,"audioPlay":false,"sceneViewState":{"m_AlwaysRefresh":false,"showFog":false,"showSkybox":false,"showFlares":false,"showImageEffects":false,"showParticleSystems":false,"showVisualEffectGraphs":true,"m_FxEnabled":true},"in2DMode":false,"pivot":{"x":-9.5367431640625e-7,"y":-0.000001430511474609375,"z":1.5000009536743165},"rotation":{"x":-0.652592122554779,"y":-0.0009129130630753934,"z":0.0007847581873647869,"w":-0.7577097415924072},"size":6.456222057342529,"orthographic":true}