{"cameraMode":{"drawMode":0,"name":"Shaded","section":"Shading Mode"},"sceneLighting":false,"audioPlay":false,"sceneViewState":{"m_AlwaysRefresh":false,"showFog":false,"showSkybox":false,"showFlares":false,"showImageEffects":false,"showParticleSystems":false,"showVisualEffectGraphs":true,"m_FxEnabled":true},"in2DMode":false,"pivot":{"x":-31.514856338500978,"y":-6.9781293869018559,"z":0.8484840393066406},"rotation":{"x":0.001364794559776783,"y":0.9832754135131836,"z":0.1819753795862198,"w":-0.007374661974608898},"size":26.39944076538086,"orthographic":true}