{"cameraMode":{"drawMode":0,"name":"Shaded","section":"Shading Mode"},"sceneLighting":false,"audioPlay":false,"sceneViewState":{"m_AlwaysRefresh":false,"showFog":false,"showSkybox":false,"showFlares":false,"showImageEffects":false,"showParticleSystems":false,"showVisualEffectGraphs":true,"m_FxEnabled":true},"in2DMode":false,"pivot":{"x":-0.000004351139068603516,"y":-0.39999958872795107,"z":-0.0000026226043701171877},"rotation":{"x":0.5653524398803711,"y":-0.008660540916025639,"z":0.005936420056968927,"w":0.8247829675674439},"size":0.8124078512191773,"orthographic":false}