{"cameraMode":{"drawMode":0,"name":"Shaded","section":"Shading Mode"},"sceneLighting":false,"audioPlay":false,"sceneViewState":{"m_AlwaysRefresh":false,"showFog":false,"showSkybox":false,"showFlares":false,"showImageEffects":false,"showParticleSystems":false,"showVisualEffectGraphs":true,"m_FxEnabled":true},"in2DMode":false,"pivot":{"x":0.8601545691490173,"y":3.087170124053955,"z":1.2742323875427247},"rotation":{"x":-0.6188094615936279,"y":-0.020972106605768205,"z":0.016525764018297197,"w":-0.7850984930992127},"size":7.7119975090026859,"orthographic":true}