{"cameraMode":{"drawMode":0,"name":"Shaded","section":"Shading Mode"},"sceneLighting":false,"audioPlay":false,"sceneViewState":{"m_AlwaysRefresh":false,"showFog":false,"showSkybox":false,"showFlares":false,"showImageEffects":false,"showParticleSystems":false,"showVisualEffectGraphs":true,"m_FxEnabled":true},"in2DMode":false,"pivot":{"x":1.2500009536743165,"y":2.683485507965088,"z":-0.0000035762786865234377},"rotation":{"x":-0.013921265490353108,"y":-0.5367829203605652,"z":0.008855453692376614,"w":-0.8435629606246948},"size":3.871190071105957,"orthographic":true}