{"cameraMode":{"drawMode":0,"name":"Shaded","section":"Shading Mode"},"sceneLighting":false,"audioPlay":false,"sceneViewState":{"m_AlwaysRefresh":false,"showFog":false,"showSkybox":false,"showFlares":false,"showImageEffects":false,"showParticleSystems":false,"showVisualEffectGraphs":true,"m_FxEnabled":true},"in2DMode":false,"pivot":{"x":1.2500009536743165,"y":2.683485507965088,"z":-0.0000035762786865234377},"rotation":{"x":-0.15067458152770997,"y":-0.7823449373245239,"z":0.20770113170146943,"w":-0.5675390362739563},"size":5.505220890045166,"orthographic":true}