{"cameraMode":{"drawMode":0,"name":"Shaded","section":"Shading Mode"},"sceneLighting":false,"audioPlay":false,"sceneViewState":{"m_AlwaysRefresh":false,"showFog":false,"showSkybox":false,"showFlares":false,"showImageEffects":false,"showParticleSystems":false,"showVisualEffectGraphs":true,"m_FxEnabled":true},"in2DMode":false,"pivot":{"x":-0.31300878524780276,"y":3.9651966094970705,"z":-3.1759982109069826},"rotation":{"x":-0.29561659693717959,"y":-0.32081833481788638,"z":0.10613714903593064,"w":-0.8935491442680359},"size":4.953939914703369,"orthographic":true}