{"cameraMode":{"drawMode":0,"name":"Shaded","section":"Shading Mode"},"sceneLighting":true,"audioPlay":false,"sceneViewState":{"m_AlwaysRefresh":false,"showFog":false,"showSkybox":true,"showFlares":false,"showImageEffects":false,"showParticleSystems":false,"showVisualEffectGraphs":true,"m_FxEnabled":true},"in2DMode":false,"pivot":{"x":-5.886894702911377,"y":-4.796046733856201,"z":9.240554809570313},"rotation":{"x":-0.000725689169485122,"y":0.9868987202644348,"z":0.16129110753536225,"w":0.004441003315150738},"size":12.484116554260254,"orthographic":false}