{"cameraMode":{"drawMode":0,"name":"Shaded","section":"Shading Mode"},"sceneLighting":true,"audioPlay":false,"sceneViewState":{"m_AlwaysRefresh":false,"showFog":false,"showSkybox":false,"showFlares":false,"showImageEffects":false,"showParticleSystems":false,"showVisualEffectGraphs":true,"m_FxEnabled":true},"in2DMode":false,"pivot":{"x":5.775542736053467,"y":0.5218258500099182,"z":1.2156018018722535},"rotation":{"x":-0.21173478662967683,"y":-0.22432664036750794,"z":0.050005923956632617,"w":-0.9499331116676331},"size":4.507394790649414,"orthographic":false}