{"cameraMode":{"drawMode":0,"name":"Shaded","section":"Shading Mode"},"sceneLighting":false,"audioPlay":false,"sceneViewState":{"m_AlwaysRefresh":false,"showFog":false,"showSkybox":false,"showFlares":false,"showImageEffects":false,"showParticleSystems":false,"showVisualEffectGraphs":true,"m_FxEnabled":true},"in2DMode":false,"pivot":{"x":4.9754743576049809,"y":3.8162169456481935,"z":-0.13991737365722657},"rotation":{"x":0.0014134052908048034,"y":0.9198051691055298,"z":0.0033131001982837917,"w":-0.39236587285995486},"size":4.1356401443481449,"orthographic":true}